Title,Price,Type
Men's Runner Go - Corduroy - Medium Grey (Medium Grey Sole),60.00,Shoes
Women's Tree Dasher 1 - Thunder (White Sole),87.00,Shoes
Men's Tree Dasher 1 - Flame (Light Red Sole),87.00,Shoes
Men's Tree Dasher 1 - Geyser (Light Blue Sole),32.00,Shoes
Men's Tree Dasher 1 - Robin Red (Pink Sole),32.00,Shoes
Women's Tree Dasher 1 - Eclipse (Black Sole),87.00,Shoes
Men's Tree Dasher 1 - Ascend (Dark Red Sole),87.00,Shoes
Women's Tree Dasher 1 - Moonrise (Navy Sole),87.00,Shoes
Men's Tree Dasher 1 - Flora (Pink Sole),32.00,Shoes
Women's Tree Dasher 1 - Gaia (White Sole),87.00,Shoes
Women's Tree Dasher 1 - Diablo (White Sole),87.00,Shoes
Women's Natural Run Form Tank - Natural Black,47.00,Apparel
Women's Natural Legging - Shadow,68.00,Apparel
Women's Natural Run Short - Natural Black,47.00,Apparel
Wool Dwellers - Natural Black Fluffs (Black Sole),30.00,Shoes
Wool Dwellers - Natural White Fluffs (White Sole),52.00,Shoes
Wool Dwellers - Olympus (Red Sole),45.00,Shoes
Men's R&R Hoodie - Natural White,82.00,Apparel
Men's R&R Sweatpant - Natural White,68.00,Apparel
Women's Natural Run Tank - True Navy,33.00,Apparel
Men's R&R Sweatshirt - Hazy Sienna,68.00,Apparel
Men's Natural Run Short - True Navy,47.00,Apparel
Women's Natural Run Short - Hazy Sienna,47.00,Apparel
Women's Natural Run Short - True Navy,47.00,Apparel
Women's Natural Run Short - Medium Grey,47.00,Apparel
Men's Adizero x Allbirds 2.94 kg CO2e - Semi Turbo,84.00,Shoes
Women's Studio Tank - Medium Grey,40.00,Apparel
Women's Natural Run Tank - Blue Hush,33.00,Apparel
Women's Studio Crop Tank - Purple Hush,40.00,Apparel
Women's Studio Tank - True Navy,40.00,Apparel
